Feature,Importance
GrLivArea,0.38729339842199506
YearBuilt,0.27428885371361444
GarageArea,0.18153502826793655
1stFlrSF,0.156882719596454
